question,expected_answer,actual_answer
What is ChatGPT?,An AI chatbot developed by OpenAI,"**ChatGPT** is a highly advanced **AI chatbot** developed by **OpenAI**. At its core, it's a type of **large language model (LLM)** that has been trained on a massive amount of text data from the internet, books, and other sources.

Here's a breakdown of what that means and what it does:

1.  **AI Chatbot:** It's designed to interact with users in a conversational way, much like chatting with a person. You type in questions or prompts, and it generates text responses.

2.  **Large Language Model (LLM):**
    *   **""Large""** refers to the enormous amount of data it was trained on and the vast number of parameters (billions) that allow it to recognize patterns and relationships in language.
    *   **""Language Model""** means its primary function is to understand, generate, and process human language. It works by predicting the most probable next word in a sequence based on the context of the input it receives.

3.  **Developed by OpenAI:** OpenAI is an AI research and deployment company that aims to ensure artificial general intelligence benefits all of humanity. They released ChatGPT to the public in November 2022, quickly making it one of the fastest-growing consumer applications in history.

**What can ChatGPT do?**

ChatGPT is incredibly versatile and can perform a wide range of text-based tasks, including:

*   **Answering questions:** Providing information on countless topics.
*   **Writing various forms of text:** Essays, emails, articles, code, poems, stories, scripts, marketing copy, etc.
*   **Summarizing texts:** Condensing long articles or documents into key points.
*   **Translating languages:** From one language to another.
*   **Brainstorming ideas:** Helping with creative blocks or generating concepts.
*   **Explaining complex topics:** Breaking down difficult subjects into simpler terms.
*   **Debugging code:** Identifying errors in programming code.
*   **Role-playing:** Engaging in specific scenarios or character interactions.

**Key Characteristics:**

*   **Conversational:** It remembers previous parts of the conversation to maintain context, allowing for more natural and coherent dialogue.
*   **Generative:** It doesn't just retrieve information; it *generates* new, original content based on its training.
*   **Continually Evolving:** OpenAI frequently updates and improves the underlying models (like GPT-3.5, GPT-4, etc.) that power ChatGPT, making it more capable and accurate over time.

**Important Considerations/Limitations:**

*   **Accuracy:** While powerful, it can sometimes produce incorrect information (often called ""hallucinations"") or confident but false statements. It doesn't ""know"" facts in the human sense.
*   **Knowledge Cut-off:** Earlier versions have a knowledge cut-off date, meaning they might not have information on very recent events. Newer versions (like GPT-4 with browsing capabilities) can access real-time information.
*   **Bias:** Its responses can reflect biases present in its training data.
*   **Lacks True Understanding/Consciousness:** It doesn't have personal beliefs, emotions, or consciousness. It's a sophisticated pattern-matching and text-generating machine.

In essence, ChatGPT is a powerful tool that allows people to interact with advanced artificial intelligence to generate and process human-like text for a vast array of purposes."
Who created Python?,Python was created by Guido van Rossum,Python was created by **Guido van Rossum**.
What is Java?,Java is a programming language,"Java is both a **programming language** and a **computing platform** (an execution environment) first released by Sun Microsystems (now owned by Oracle) in 1995.

It's designed to have as few implementation dependencies as possible, meaning a compiled Java program can run on any device that supports Java without needing to be recompiled. This is famously known as its ""Write Once, Run Anywhere"" (WORA) principle.

Let's break down what that means and its key characteristics:

### Key Characteristics & Principles of Java

1.  **High-Level Language:** Java is designed to be human-readable, with syntax somewhat similar to C and C++. It abstracts away many complexities of the underlying hardware.

2.  **Object-Oriented Programming (OOP):**
    *   Java is built entirely around the object-oriented paradigm. This means everything in Java is treated as an object, which helps in organizing code, promoting reusability, and making systems easier to understand and maintain.
    *   Key OOP concepts like encapsulation, inheritance, and polymorphism are central to Java development.

3.  **Platform Independent (""Write Once, Run Anywhere""):**
    *   This is arguably Java's most famous feature. When you write Java code, it's compiled into an intermediate format called **bytecode**.
    *   This bytecode is not specific to any particular operating system or hardware. Instead, it runs on a **Java Virtual Machine (JVM)**.
    *   The JVM acts as an interpreter for the bytecode, translating it into instructions that the underlying operating system and hardware can understand.
    *   Since JVMs are available for almost every major platform (Windows, macOS, Linux, etc.), your Java program can run on any of them without modification.
    *   **JRE (Java Runtime Environment):** Contains the JVM and core libraries needed to *run* Java applications.
    *   **JDK (Java Development Kit):** Contains the JRE plus development tools (like the compiler, debugger, etc.) needed to *write* and *compile* Java applications.

4.  **Robust:**
    *   Java has strong memory management, with automatic garbage collection that handles freeing up memory no longer in use, reducing common programming errors.
    *   It also has built-in exception handling mechanisms to gracefully deal with runtime errors.

5.  **Secure:**
    *   Java includes robust security features, such as a security manager that can define access rules for applications, and a sandbox environment for running untrusted code.

6.  **High Performance:**
    *   While historically Java was considered slower due to the JVM interpretation, modern JVMs use ""Just-In-Time (JIT) compilation,"" which compiles frequently used bytecode sections into native machine code at runtime, significantly boosting performance.

7.  **Multithreaded:**
    *   Java supports multithreading, allowing multiple parts of a program to run concurrently. This is essential for creating responsive user interfaces and efficient server-side applications.

8.  **Distributed:**
    *   Java is designed for network-centric computing, making it easy to create applications that run across multiple computers on a network.

### Where is Java Used? (Applications)

Java's versatility has led to its adoption in a wide array of domains:

*   **Enterprise Applications:** Powering the backend of large-scale business applications (e.g., banking, insurance, e-commerce) using frameworks like Spring and Jakarta EE (formerly Java EE).
*   **Android Mobile Apps:** Java is the primary language for developing native Android applications.
*   **Web Applications:** Used for developing server-side logic for websites and web services (e.g., using Servlets, JSPs, Spring MVC).
*   **Desktop Applications:** While less common for new development, many older and specialized desktop applications are built with Java (e.g., using Swing or JavaFX).
*   **Big Data Technologies:** Many big data tools like Hadoop, Spark, and Kafka are either written in Java or have strong Java APIs.
*   **Scientific Applications:** Used in scientific computing, data analysis, and visualization tools.
*   **Embedded Systems & IoT:** Java ME (Micro Edition) and specialized JVMs are used in smart cards, sensors, and other Internet of Things devices.
*   **Gaming:** While not dominant, some popular games (like Minecraft) are written in Java.

### In Summary

Java is a mature, stable, and incredibly powerful programming language and platform. Its ""Write Once, Run Anywhere"" capability, strong object-oriented principles, robust ecosystem of libraries and frameworks, and vast community support make it one of the most popular and in-demand programming languages globally, especially for enterprise-level applications and Android development."
